check_id,check_name
"81","360 Degree Professional Reference Check"
"174","Aadhaar Biometric verification"
"175","Aadhaar e-KYC verification"
"235","Aadhaar Verification"
"352","Abridged Dual Employment"
"232","Abuse Registry Check"
"294","Academic Reference Check"
"60","Address Verification"
"245","Address Verification basis document"
"135","Address verification Business Salaried"
"134","Address Verification Business Self Employed"
"237","Address Verification via e-Aadhaar"
"238","Address Verification with Copy of Documents"
"187","Adoption Certificate Verification"
"244","Affidavit Verification"
"200","Age Verification Via Aadhaar"
"197","Agent License Verification"
"212","Alcohol Check"
"369","Animal Rights Activism Check"
"407","Authlead"
"300","Bank Account Validation"
"258","Bank Account Verification"
"413","Bank Account Verification Advanced"
"351","Bank Statement Analyzer"
"208","Bank Statement Verification"
"307","Bank Statement Verification via Net Banking Fetch"
"228","Bankruptcy Check"
"405","Basic DBS Check"
"182","BFSI Business Verification (Physical Visit)"
"181","BFSI Business Verification (Telephone)"
"195","Birth Certificate Quality Check"
"188","Birth Certificate Verification"
"86","Business Address Verification "
"87","Business Reference Verification"
"386","Caste Certificate Verification"
"243","Certificate of Custody Verification"
"240","Character Certificate Verification"
"43","Character Verification"
"152","CIN Verification"
"71","Company Check"
"241","Company Credit Score Check"
"111","Company legal checks"
"85","Company Verification"
"390","Comprehensive PAN Verification"
"336","Comprehensive UAN Employment Check"
"329","Consolidated Screening List Check - CSL Search"
"320","Contact Point Verification (CPV)"
"317","Corpveda "
"305","County Civil Check USA"
"220","County Criminal Check USA"
"69","Court Room Search"
"103","Credit and Reputational Risk Database"
"230","Credit Check"
"108","Credit Default"
"268","Credit Rating Check"
"249","Criminal Check Verification- Permanent Address"
"248","Criminal Check Verification- Present Address"
"250","Criminal Check Verification- Previous Address"
"65","Criminal Court through Indian Database Verification"
"94","Criminal Records Bureau"
"62","Criminal Records Verification"
"140","Criminal Verification"
"172","CST"
"57","Current Address Verification"
"346","Current Address Verification (Credit Report or DAV or Field Visit)"
"345","Current Address Verification (DAV and Field Visit)"
"341","Current Address Verification (DAV or Field Visit)"
"286","Current Employment Company Check"
"58","Current Employment Verification"
"337","Current Employment Verification (HR and Form 16)"
"338","Current Employment Verification (HR and UAN and Form 16)"
"339","Current Employment Verification (HR and UAN)"
"335","Current Employment Verification (UAN or HR or Form 16)"
"262","Current Employment Verification through email validation"
"75","Current Professional Reference check "
"91","CV Validation"
"169","CV vs CV validation"
"229","Database Check - Indian and Global"
"313","Database Check - Indian and Global Level 2"
"176","Database of Supreme Court-Bangladesh"
"76","Database Web and Media Check"
"233","Date of Birth Verification"
"204","Death Certificate Verification"
"64","Debarment Verification"
"270","Details Validation Check"
"259","Digital Address Verification"
"362","Digital Education Verification"
"153","DIN Verification"
"70","Directorship Check"
"255","Discrete Address Verification"
"105","Discrete Profile Check"
"189","Divorce Certificate or Talaqnama Verification"
"205","Divorce Certificate Verification"
"263","Doctor's Registration Verification"
"260","Document Collection"
"119","Document Verification"
"124","Document Verification from Source"
"101","Driving License Verification"
"151","Driving License Verification Online"
"106","Driving License Verification W"
"354","Drone Pilot License Verification"
"381","Drug License Verification"
"31","Drug Test"
"74","Drug Test 10 Panel"
"374","Drug Test 10A Panel"
"387","Drug Test 10D Panel"
"388","Drug Test 10E Panel"
"199","Drug Test 11 Panel"
"293","Drug Test 11A Panel"
"373","Drug Test 11B Panel"
"401","Drug Test 11C Panel"
"409","Drug Test 11D Panel"
"410","Drug Test 11E Panel"
"159","Drug Test 12 Panel"
"292","Drug Test 12B Panel"
"389","Drug Test 13 Panel"
"394","Drug Test 15 Panel"
"350","Drug Test 15A Panel"
"254","Drug Test 18 Panel"
"398","Drug Test 2 Panel"
"397","Drug Test 2A Panel"
"391","Drug Test 4 Panel"
"157","Drug Test 5 Panel"
"395","Drug Test 5A Panel"
"400","Drug Test 5B Panel"
"404","Drug Test 5C Panel"
"326","Drug Test 5D Panel"
"201","Drug Test 6 Panel"
"297","Drug Test 6B Panel"
"158","Drug Test 7 Panel"
"290","Drug Test 7A Panel"
"291","Drug Test 7B Panel"
"402","Drug Test 7C Panel"
"408","Drug Test 7D Panel"
"185","Drug Test 8 Panel"
"97","Drug Test 9 Panel"
"368","Drug Test 9A Panel"
"393","Drug Test 9B Panel"
"403","Drug Test 9C Panel"
"375","Dual Employment Advance"
"296","Dual Employment Check"
"348","Dual Employment Verification via Form 26AS"
"370","Due Diligence Reports"
"361","Economic Offences Proclaimed Offenders Check"
"384","Education Document Validation"
"141","Education Institution Validation"
"25","Education Verification"
"365","Education Verification via DigiLocker"
"83","Education Verification W"
"144","Education Verification Written"
"288","Electricity Bill Verification"
"222","Eligibility to Work"
"226","Emergency Contact Number Verification"
"416","Emirates ID Verification"
"98","Employer verification"
"177","Employment Check"
"211","Employment validation via Document"
"321","Employment Validation via PAN & TAN"
"118","Employment Verification"
"202","Employment Verification via Site Visit"
"261","Employment Verification via UAN"
"399","Employment Verification via UAN (OTP)"
"315","EPFO Employee Search"
"316","EPFO Employer Search"
"269","EPFO Registration Check"
"267","ESIC Registration Check"
"173","Excise and Service Tax"
"138","Executive Order Database Verification"
"29","Face Match Check"
"167","FACIS Level 1 Database Verification"
"168","FACIS Level 2 Database Verification"
"73","FACIS Level 3 Database Verification"
"309","Factory License Validation"
"196","Family Certificate Quality Check"
"190","Family Certificate Verification"
"366","Family Relationship check"
"120","Fast Track Check"
"252","FBI Fingerprint verification"
"217","Federal Criminal Check - USA"
"218","Felony and Misdemeanor Check"
"231","Felony Offender Registry Check"
"107","Financial Regulatory Database"
"186","Financial Verification"
"33","Finger Print Test"
"112","Firm Legal Details"
"137","Food and Drug Administration Database Verification"
"271","Form 16 Verification"
"289","FSSAI Verification"
"42","Gap Check"
"198","Gap Check - Court Record Check through Law Firm"
"192","Gap Check - Police Verification through Law Firm"
"79","Gap Check Address"
"415","Gap Check via UAN"
"371","Ghana National Identity Check"
"99","Global Database"
"55","Global Database Check"
"319","Global Database EU Sanctions"
"56","Global Database OFAC"
"133","Global Regulatory Compliance and Debarment Database Verification"
"93","Government Registration"
"165","GSA"
"143","GSA OIG Medical Database Check"
"311","GST Tax Invoice Verification"
"183","GSTIN"
"102","HM Treasury Sanctions"
"213","Homeland Security Check"
"148","Host Address Verification"
"353","Hungarian Identity Check"
"49","IDBCBI"
"51","IDBCD"
"48","IDBCR"
"52","IDBPAN"
"163","Immediate previous employment"
"209","Income Tax Return Verification"
"295","India - Court Record Database Check through Law Firm - Internal"
"54","India Advanced Web and Media Searches"
"78","India Civil Litigation Database Check"
"129","India Comprehensive Criminal Record Database Check"
"90","India Court Record Check through Law Firm"
"132","India Court Record Database Check"
"179","India Court Record DB Check"
"63","India Credit Default Database Check"
"145","India Credit History"
"67","India Crime Watch List Database Check"
"50","India Criminal Litigation Database Check"
"130","India Database Check Level 1"
"131","India Database Check Nationwide Search"
"180","India National Sex Offender"
"127","India Nationwide Civil Litigation Database Check"
"125","India Nationwide Court Record Database Check"
"128","India Nationwide Crime Watch list Database Check"
"126","India Nationwide Criminal Litigation Database Check "
"61","India Police Record Verification"
"84","India Police Record Verification through Law Firm"
"109","India Regulatory Database"
"53","India Reputational Risk Database Check"
"66","Indian Database Credit and Bankruptcy Check"
"47","Indian Database Verification"
"275","Indian Police Record Verification - Current Address"
"274","Indian Police Record Verification - Permanent Address"
"95","Indian Regulatory Authority Database Check"
"281","Instant Current Employment Check"
"379","Instant Dual Employment"
"282","Instant Previous Employment Check"
"100","Intermediate Address Check"
"89","Key Personnel Address Verification"
"88","Key Personnel Validation"
"251","Know Your Customer(KYC) check"
"330","Labour Card Verification"
"150","Lease Reference Address Verification"
"149","Lease Reference Verification"
"117","License or Certificate Verification"
"277","Lifestyle Verification Check"
"113","Litigation Searches"
"411","Liveness"
"331","m-Address Check"
"210","Maiden Name Check"
"116","Marital Status"
"191","Marriage Certificate or Nikahnama Verification"
"194","Marriage Certificate Quality Check"
"206","Marriage Certificate Verification"
"357","Massachusetts Medicaid Exclusion Check"
"314","MCA Document Download"
"68","Media and Directorship Check"
"239","Medical Certificate Verification"
"264","Medical Document Verification"
"265","Medical Opinion Validation"
"59","Medical Screen "
"161","Medicine Genuineness Check"
"412","Mega Pan Verification"
"392","Military Service Check"
"356","Minnesota Health Care Exclusion Check"
"364","Motor Vehicle Record Verification"
"223","Mystery Audit (Diagnostic Center)"
"115","Name Change Verification"
"219","National Criminal Directory Check"
"72","National Identity Check"
"171","National Sex Offender Search"
"272","NBI Clearance Check"
"96","Negetive Database Check"
"355","New York Medicaid Exclusion Check"
"360","Non- Genuine Dealers Verification Check"
"242","Non-Impediment Certificate Verification"
"166","OIG Database Check"
"122","Online CPV check"
"253","Open Know Your Customer(KYC) check"
"82","Overseas Address Verification"
"333","PAN Aadhaar Linkage Check"
"45","PAN No Verification"
"396","PAN to GSTIN"
"301","Passport Validation"
"44","Passport Verification"
"1","Permanent Address Verification"
"347","Permanent Address Verification (Credit Report or DAV or Field Visit)"
"344","Permanent Address Verification (DAV and Field Visit)"
"343","Permanent Address Verification (DAV or Field Visit)"
"38","Personal Reference Check"
"380","Pharmacy Registration Check"
"377","Philippines Health Identity Check"
"376","Philippines National Identity Check"
"304","Photograph Validation Check"
"221","Police Clearance Certificate Validation"
"214","Police Clearance Certificate Verification"
"92","Police Registration"
"46","Police Verification Verbal"
"234","Postal Address Verification"
"215","Power of Attorney"
"170","Pre Employment Health Checkup"
"385","Pre Employment Health Checkup (10 Tests)"
"414","Pre Employment Health Checkup (11 Tests)"
"420","Pre Employment Health Checkup (11B Tests)"
"418","Pre Employment Health Checkup (12 Tests)"
"334","Pre Employment Health Checkup (13 Tests)"
"318","Pre Employment Health Checkup (14 Tests)"
"419","Pre Employment Health Checkup (2 Tests)"
"372","Pre Employment Health Checkup (20 Tests)"
"383","Pre Employment Health Checkup (25 Tests)"
"340","Pre Employment Health Checkup (4 Tests)"
"417","Pre Employment Health Checkup (9 Tests)"
"207","Pre Employment Verification"
"363","Pre Offer Verification"
"139","Previous Address"
"227","Previous Address Verification- Verbal"
"287","Previous Employment Company Check"
"41","Previous Employment Verification"
"342","Previous Employment Verification (HR or RM)"
"224","Professional Certificate Check"
"225","Professional License Check"
"34","Professional Reference Check"
"123","Profile and document from the candidate"
"104","Profile Check"
"114","Proof of Right to Work"
"147","Property Existence and Validation"
"121","PRTP Check"
"77","Reference Check"
"299","Reference Check via Physical Visit"
"306","Reference Check via Physical Visit through Neighbour"
"302","Relationship Confirmation Check"
"136","Residence Address Verification"
"247","Salary Slip verification"
"164","SAM"
"284","Scotland - Basic Disclosure"
"359","SCOUT Check"
"367","Self Declaration check"
"358","Self Employment Check via GSTIN"
"155","Service Tax Verification"
"146","Service User Feedback"
"308","Shop & Establishment License Validation"
"162","Shop and Establishment Registration"
"283","SIN Verification"
"193","Site Visit"
"184","Social Media Check"
"279","Social Security System Verification"
"310","Sole Proprietor Affidavit Validation"
"80","SSN Verification"
"406","Standard DBS Check"
"256","State Criminal Check"
"280","Statement of Fact for Employment"
"273","Supreme Court  and Most wanted Criminal Check - Philippines"
"156","TAN Verification"
"278","Taxpayer Identification Number Verification"
"160","TB Platinum Test"
"266","Tenant Registration Check"
"382","Test 4"
"154","TIN or VAT Verification"
"203","Travel Insurance policy Verification"
"303","Travel/Health Insurance Validation"
"110","Tribunals and Commissions Other"
"332","TrueXamine Check"
"312","UAN Check for Undisclosed Employment"
"285","UAN/EPFO"
"298","Udyam Verification"
"236","US Embargo Check"
"178","Vehicle Registration Verification"
"216","Verbal Address Verification"
"246","Verification basis PF statement"
"378","Vietnamese National Identity Check"
"349","VISA Verification"
"257","Visual Document Validation"
"142","Voter ID Verification"
"276","W-2 Validation"
